Ville;Pays
Habay-la-Vieille;Belgique
Orsinfaing;Belgique
Habay-la-Neuve;Belgique
Meix-devant-Virton;Belgique
Arlon;Belgique
Rouvroy;Belgique
Vance;Belgique
Tintigny;Belgique
Nobressart;Belgique
Dampicourt;Belgique
Léglise;Belgique
Bastogne;Belgique
Gennevaux;Belgique
Liège;Belgique
Lacuisine;France
Etalle;Belgique
Buzenol;Belgique
Mortinsart;Belgique
Houdemont;Belgique
Marbehan;Belgique
Rulles;Belgique
Recogne;Belgique
Fauvillers;Belgique
Marche en Famenne;Belgique
Auderghem;Belgique
Florenville;Belgique
Ansart;Belgique
Wezzembeek-Oppem;Belgique
Braine-l'Alleud;Belgique
Tontelange;Belgique
Fouches;Belgique
Heusy;Belgique
Virton;Belgique
Dison;Belgique
Bellefontaine;Belgique
Bodange;Belgique
Ethe;Belgique
Attert;Belgique
Stavelot;Belgique
Forest;Belgique
Fernelmont;Belgique
Bettembourg;Luxembourg
Sterpenich;Belgique
Willancourt;Belgique
Godinne;Belgique
Bonnert;Belgique
Goeblange;Luxembourg
Grune;Belgique
La Louviere;Belgique
Wisembach;Belgique
Martelange;Belgique
Beringen;Luxembourg
Bruxelles;Belgique
Saint-Léger;Belgique
Torgny;Belgique
Vedrin;Belgique
Lahage;Belgique
Aubange;Belgique
Chenois;Belgique
Louvain-la-Neuve;Belgique
Melle;Belgique
Saint-Mitre-les-Remparts;France
Antwerpen;Belgique
Anderlecht;Belgique
Jehonville;Belgique
Saint-Médard;Belgique
Bougnimont;Belgique
Vesqueville;Belgique
Wavre;Belgique
Esch-sur-Alzette;Luxembourg
Neuvillers;Belgique
Freylange;Belgique
Weyler;Belgique
Libramont;Belgique
Halanzy;Belgique
Musson;Belgique
Bertogne;Belgique
Assesse;Belgique
Grandvoir;Belgique
Gerouville;Belgique
Waterloo;Belgique
Prouvy;Belgique
Kraainem;Belgique
Grivegnee;Belgique
Loppem;Belgique
Margny;france
Chastre-Villeroux-Blanmont;Belgique
;
Genappe;Belgique
Heinstert;Belgique
Ambly;Belgique
Sainte-Marie-sur-Semois;Belgique
Mouscron;Belgique
Soignies;Belgique
Saint-Mard;Belgique
Chassepierre;Belgique
Longwy;France
Fratin;Belgique
Forville;Belgique
Hachy;Belgique
Flerus;Belgique
Vlessart;Belgique
Seraing;Belgique
Orp-Jauche;Belgique
Hamois;Belgique
Deurne;Belgique
Harinsart;Belgique
Neufchâteau;Belgique
Nelson;Canada
Dion-Valmont;belgique
Ittre;Belgique
Luxembourg;Luxembourg
Aarschot;Belgium
Schifflange;Luxembourg
Metzert;Belgique
Evere;Belgique
Schaerbeek;Belgique
Ranst;Belgique
Anlier;Belgique
Kuringen;Belgique
Ostende;Belgique
Orp-le-Grand;Belgique
Bièvre;Belgique
Manhay;Belgique
Bertrix;Belgique
Herentals;Belgique
Berchem;Belgique
Floreffe;Belgique
Leuven;Belgique
Chantemelle;Belgique
Molenbeek-Saint-Jean;Belgique
Xhoris;Belgique
Saint-Laurent-de-la-Cabrerisse;France
Alleur;Belgique
Lamorteau;Belgique
Comines;Belgique
Thimeon;Belgique
Bleid;Belgique
Rixensart;Belgique
Louftemont;Belgique
Junglinster;Luxembourg
Gonderange;Luxembourg
Wezembeeck;Belgique
Bourglinster;Luxembourg
Athus;Belgique
Vaux-sur-Sûre;Belgique
Bois d'Haine;Belgique
Longchamps;Belgique
Laeken;Belgique
Ferrières;Belgique
Sainlez;Belgique
Fleurus;Belgique
Embourg;Belgique
Saive;Belgique
Uccle;Belgique
Beez;Belgique
Etterbeek;Belgique
New Plymouth;New Zealand
Berchem-Sainte-Agathe;Belgique
Verviers;Belgique
Archennes;Belgique
Court-Saint-Etienne;Belgique
Chaumont-Gistoux;Belgique
Sainte-Cécile;Belgique
Thiaumont;Belgique
Limelette;Belgique
Braine-le-Château;Belgique
Nassogne;Belgique
Beauraing;Belgique
Braine-le-Comte;Belgique
Grivegnée;Belgique
Sibret;Belgique
Grandglise;Belgique
Overijse;Belgique
Mons;Belgique
Sterrebeek;Belgique
Orgeo;Belgique
Bras;Belgique
Champlon;Belgique
Chiny;Belgique
Tournai;Belgique
Aywaille;Belgique
Fontenoille;Belgique
Izel;Belgique
Bonn;Belgique
Maubray;Belgique
 BASTOGNE;Belgique